{"cameraMode":{"drawMode":0,"name":"Shaded","section":"Shading Mode"},"sceneLighting":false,"audioPlay":false,"sceneViewState":{"showFog":false,"showMaterialUpdate":false,"showSkybox":false,"showFlares":false,"showImageEffects":false,"showParticleSystems":false},"in2DMode":false,"pivot":{"x":0.15199851989746095,"y":1.140000343322754,"z":-0.7709999084472656},"rotation":{"x":0.2841671109199524,"y":-0.36956414580345156,"z":0.11980847269296646,"w":0.8765419721603394},"size":27.030038833618165,"orthographic":false}