{"cameraMode":{"drawMode":0,"name":"Shaded","section":"Shading Mode"},"sceneLighting":false,"audioPlay":false,"sceneViewState":{"showFog":false,"showMaterialUpdate":false,"showSkybox":false,"showFlares":false,"showImageEffects":false,"showParticleSystems":false},"in2DMode":false,"pivot":{"x":1.1920928955078126e-7,"y":0.4000000059604645,"z":2.682209014892578e-7},"rotation":{"x":0.38242143392562868,"y":-0.33144351840019228,"z":0.14920839667320252,"w":0.8494948744773865},"size":1.1906886100769044,"orthographic":false}