{"cameraMode":{"drawMode":0,"name":"Shaded","section":"Shading Mode"},"sceneLighting":false,"audioPlay":false,"sceneViewState":{"showFog":true,"showMaterialUpdate":false,"showSkybox":false,"showFlares":true,"showImageEffects":true,"showParticleSystems":true},"in2DMode":false,"pivot":{"x":0.1960000991821289,"y":-0.14576870203018189,"z":-0.1352846622467041},"rotation":{"x":-0.062085144221782687,"y":0.9213314056396484,"z":-0.16509491205215455,"w":-0.3464753031730652},"size":1.3831117153167725,"orthographic":false}