{"cameraMode":{"drawMode":0,"name":"Shaded","section":"Shading Mode"},"sceneLighting":false,"audioPlay":false,"sceneViewState":{"showFog":false,"showMaterialUpdate":false,"showSkybox":false,"showFlares":false,"showImageEffects":false,"showParticleSystems":false},"in2DMode":false,"pivot":{"x":3.3188838958740236,"y":-0.8986701965332031,"z":2.4424686431884767},"rotation":{"x":0.38242143392562868,"y":-0.33144351840019228,"z":0.14920839667320252,"w":0.8494948744773865},"size":25.009998321533204,"orthographic":false}