{"cameraMode":{"drawMode":0,"name":"Shaded","section":"Shading Mode"},"sceneLighting":true,"audioPlay":false,"sceneViewState":{"showFog":false,"showMaterialUpdate":false,"showSkybox":false,"showFlares":false,"showImageEffects":false,"showParticleSystems":false},"in2DMode":false,"pivot":{"x":-7.189664840698242,"y":20.904380798339845,"z":7.969328880310059},"rotation":{"x":-0.1702328771352768,"y":0.2517348825931549,"z":-0.04499731957912445,"w":-0.9516571164131165},"size":7.387843608856201,"orthographic":false}